<?xml version="1.0" encoding="UTF-8"?>
<project-private xmlns="http://www.netbeans.org/ns/project-private/1">
    <editor-bookmarks xmlns="http://www.netbeans.org/ns/editor-bookmarks/2" lastBookmarkId="0"/>
    <open-files xmlns="http://www.netbeans.org/ns/projectui-open-files/2">
        <group>
            <file>file:/C:/Users/moust/Desktop/LDOO/Practica7/lab_7/web/buscar.jsp</file>
            <file>file:/C:/Users/moust/Desktop/LDOO/Practica7/lab_7/src/java/lab7/controllers/ComentariosController.java</file>
            <file>file:/C:/Users/moust/Desktop/LDOO/Practica7/lab_7/web/index.html</file>
            <file>file:/C:/Users/moust/Desktop/LDOO/Practica7/lab_7/web/error.jsp</file>
        </group>
    </open-files>
</project-private>
